n,seed,alg,status,cost,expanded,seconds,trucks,delay,rehandles,gap,hit
12,0,A*(h_open),ok,9.933333333333332,721,0.029100470000003043,2,3.9333333333333336,1,0.0,True
12,0,DFBnB(h_open),ok,9.933333333333332,1106,0.03302913599986823,2,3.9333333333333336,1,0.0,True
12,0,WA*(w=1.5),ok,9.933333333333332,350,0.013276120000000446,2,3.9333333333333336,1,0.0,True
12,0,WA*(w=3),ok,11.149999999999999,77,0.002938660999916465,2,5.15,0,12.248322147651011,False
12,0,Greedy-BeFS,ok,24.208333333333332,13,0.0014858889999231906,7,3.2083333333333335,0,143.70805369127518,False
12,0,Beam(k=5),ok,12.224999999999998,55,0.0012164099998699385,1,9.225,3,23.070469798657715,False
12,0,Beam(k=25),ok,9.933333333333332,241,0.007306757999913316,2,3.9333333333333336,1,0.0,True
12,0,HillClimb(r=5),ok,10.575,983,0.035820434000015666,2,4.575,0,6.459731543624169,False
12,0,SA(20k),ok,10.208333333333334,20001,0.7290349170000354,2,4.208333333333334,1,2.768456375838948,False
12,0,Online(tuned),ok,11.900000000000002,0,0.006499944999859508,2,5.900000000000001,0,19.798657718120843,False
12,0,Immediate,ok,29.5,0,0.00017153699991467874,9,2.5,0,196.97986577181214,False
12,1,A*(h_open),ok,9.358333333333334,945,0.04541001200004757,2,3.358333333333334,0,0.0,True
12,1,DFBnB(h_open),ok,9.358333333333334,2255,0.0720141040001181,2,3.358333333333334,0,0.0,True
12,1,WA*(w=1.5),ok,9.358333333333334,366,0.01457334300016555,2,3.358333333333334,0,0.0,True
12,1,WA*(w=3),ok,10.133333333333333,127,0.004673793999927511,2,4.133333333333334,0,8.281389136242192,False
12,1,Greedy-BeFS,ok,20.85833333333333,13,0.0011538379999365134,6,2.858333333333333,0,122.88512911843272,False
12,1,Beam(k=5),ok,11.475000000000001,55,0.0011647399999219488,1,8.475,2,22.6179875333927,False
12,1,Beam(k=25),ok,9.358333333333334,241,0.007312783999850581,2,3.358333333333334,0,0.0,True
12,1,HillClimb(r=5),ok,9.675,1097,0.037223916000129975,2,3.6750000000000003,1,3.383793410507566,False
12,1,SA(20k),ok,9.358333333333334,20001,0.785999578999963,2,3.358333333333334,0,0.0,True
12,1,Online(tuned),ok,11.166666666666668,0,0.006337671999972372,2,5.166666666666667,0,19.32324131789849,False
12,1,Immediate,ok,26.083333333333332,0,0.00013889199999539414,8,2.0833333333333335,0,178.7177203918076,False
12,2,A*(h_open),ok,8.8,93,0.002374145999965549,1,5.8,2,0.0,True
12,2,DFBnB(h_open),ok,8.8,719,0.02177105999999185,1,5.8,2,0.0,True
12,2,WA*(w=1.5),ok,9.175,75,0.0019039329999941401,1,6.175,1,4.261363636363636,False
12,2,WA*(w=3),ok,9.175,25,0.000630273999831843,1,6.175,1,4.261363636363636,False
12,2,Greedy-BeFS,ok,18.15,14,0.000940227999990384,5,3.15,0,106.24999999999997,False
12,2,Beam(k=5),ok,8.8,55,0.0011100300000634888,1,5.8,2,0.0,True
12,2,Beam(k=25),ok,8.8,241,0.006254506000004767,1,5.8,2,0.0,True
12,2,HillClimb(r=5),ok,8.8,1097,0.03727049700000862,1,5.8,2,0.0,True
12,2,SA(20k),ok,8.8,20001,0.7042521700000179,1,5.8,2,0.0,True
12,2,Online(tuned),ok,10.5,0,0.006611668999994436,2,4.499999999999999,0,19.31818181818181,False
12,2,Immediate,ok,20.75,0,0.0001377520000005461,6,2.75,0,135.79545454545453,False
12,3,A*(h_open),ok,10.491666666666665,2530,0.12124771699996018,2,4.491666666666667,0,0.0,True
12,3,DFBnB(h_open),ok,10.491666666666665,5258,0.17141912099987167,2,4.491666666666667,0,0.0,True
12,3,WA*(w=1.5),ok,10.616666666666667,637,0.025795170000037615,2,4.616666666666667,0,1.1914217633042268,False
12,3,WA*(w=3),ok,11.341666666666665,211,0.008579409000049054,2,5.341666666666668,1,8.101667990468624,False
12,3,Greedy-BeFS,ok,26.941666666666666,13,0.0014499280000563886,8,2.9416666666666664,0,156.79110405083404,False
12,3,Beam(k=5),ok,14.941666666666666,55,0.0012251140001353633,1,11.941666666666668,2,42.41461477362988,False
12,3,Beam(k=25),ok,10.591666666666665,241,0.006913261999898168,2,4.591666666666667,1,0.9531374106433644,False
12,3,HillClimb(r=5),ok,10.591666666666667,915,0.032466180000028544,2,4.591666666666667,1,0.9531374106433814,False
12,3,SA(20k),ok,10.808333333333334,20001,0.7708719620000011,2,4.808333333333333,0,3.018268467037346,False
12,3,Online(tuned),ok,11.841666666666665,0,0.006256738000047335,2,5.841666666666666,0,12.867355043685464,False
12,3,Immediate,ok,32.583333333333336,0,0.00014590099999622907,10,2.5833333333333335,0,210.5639396346307,False
12,4,A*(h_open),ok,9.491666666666667,1803,0.07789906000016344,2,3.4916666666666667,1,0.0,True
12,4,DFBnB(h_open),ok,9.491666666666667,3105,0.09286589299995285,2,3.4916666666666667,1,0.0,True
12,4,WA*(w=1.5),ok,9.491666666666667,679,0.02740503399991212,2,3.4916666666666667,1,0.0,True
12,4,WA*(w=3),ok,9.516666666666666,92,0.0034652869999263203,2,3.516666666666666,1,0.2633889376646031,False
12,4,Greedy-BeFS,ok,23.84166666666667,13,0.0011575619998893671,7,2.841666666666667,0,151.1852502194908,False
12,4,Beam(k=5),ok,11.925,55,0.0012547650001124566,1,8.925,3,25.63652326602283,False
12,4,Beam(k=25),ok,9.583333333333332,241,0.006892002000085995,2,3.5833333333333326,1,0.9657594381035821,False
12,4,HillClimb(r=5),ok,9.766666666666666,1097,0.039121952000186866,2,3.766666666666666,0,2.8972783143107836,False
12,4,SA(20k),ok,9.658333333333333,20001,0.791589434999878,2,3.6583333333333337,1,1.7559262510974476,False
12,4,Online(tuned),ok,11.275,0,0.006427371999961906,2,5.275,0,18.788410886742753,False
12,4,Immediate,ok,29.25,0,0.00014513900009660574,9,2.25,0,208.16505706760313,False
12,5,A*(h_open),ok,10.033333333333331,1568,0.06798734200015133,2,4.033333333333333,0,0.0,True
12,5,DFBnB(h_open),ok,10.033333333333331,3277,0.09532327900001292,2,4.033333333333333,0,0.0,True
12,5,WA*(w=1.5),ok,10.558333333333334,781,0.03546854199998961,2,4.558333333333333,0,5.232558139534906,False
12,5,WA*(w=3),ok,10.783333333333335,86,0.0029860399999961373,2,4.783333333333332,0,7.475083056478442,False
12,5,Greedy-BeFS,ok,27.15833333333333,14,0.0012245939999502298,8,3.158333333333333,0,170.68106312292363,False
12,5,Beam(k=5),ok,12.733333333333333,55,0.001178095000113899,1,9.733333333333333,5,26.910299003322276,False
12,5,Beam(k=25),ok,10.408333333333331,241,0.006284410000034768,2,4.408333333333332,1,3.7375415282392033,False
12,5,HillClimb(r=5),ok,11.208333333333332,1021,0.034621326999968005,2,5.208333333333333,5,11.71096345514951,False
12,5,SA(20k),ok,10.033333333333333,20001,0.7553931939999075,2,4.033333333333333,0,1.7704553216613796e-14,True
12,5,Online(tuned),ok,11.3,0,0.006006286999991062,2,5.3,0,12.624584717608002,False
12,5,Immediate,ok,32.583333333333336,0,0.00016554299986637488,10,2.5833333333333335,0,224.75083056478414,False
12,6,A*(h_open),ok,9.725,1290,0.06566191100000651,2,3.7249999999999996,1,0.0,True
12,6,DFBnB(h_open),ok,9.725,3024,0.09197384699996292,2,3.7249999999999996,1,0.0,True
12,6,WA*(w=1.5),ok,9.825,754,0.03951831500012304,2,3.8249999999999997,2,1.028277634961436,False
12,6,WA*(w=3),ok,10.324999999999998,132,0.004982577999953719,2,4.325,1,6.169665809768616,False
12,6,Greedy-BeFS,ok,18.59166666666667,14,0.0009630230001675955,5,3.5916666666666663,0,91.17395029991434,False
12,6,Beam(k=5),ok,12.808333333333334,55,0.0011199979999219067,1,9.808333333333335,4,31.705227077977725,False
12,6,Beam(k=25),ok,9.825,241,0.00684947300010208,2,3.8249999999999997,2,1.028277634961436,False
12,6,HillClimb(r=5),ok,10.033333333333333,1321,0.048515654000084396,2,4.033333333333333,3,3.1705227077977747,False
12,6,SA(20k),ok,9.858333333333334,20001,0.7828536970000641,2,3.858333333333334,2,1.3710368466152663,False
12,6,Online(tuned),ok,11.05,0,0.006129846000021644,2,5.05,0,13.624678663239086,False
12,6,Immediate,ok,26.333333333333332,0,0.0001375860001644469,8,2.3333333333333335,0,170.77977720651245,False
12,7,A*(h_open),ok,8.858333333333334,1012,0.03774148599995897,2,2.858333333333333,0,0.0,True
12,7,DFBnB(h_open),ok,8.858333333333334,1270,0.037507022999989204,2,2.858333333333333,0,0.0,True
12,7,WA*(w=1.5),ok,8.858333333333334,430,0.01602014699983556,2,2.858333333333333,0,0.0,True
12,7,WA*(w=3),ok,9.533333333333333,207,0.0073657999998886226,2,3.533333333333333,0,7.619943555973646,False
12,7,Greedy-BeFS,ok,17.6,13,0.000965057000030356,5,2.6,0,98.6829727187206,False
12,7,Beam(k=5),ok,10.066666666666666,55,0.0010923079998974572,1,7.066666666666666,4,13.640639698965177,False
12,7,Beam(k=25),ok,10.066666666666666,241,0.004713152000022092,1,7.066666666666666,4,13.640639698965177,False
12,7,HillClimb(r=5),ok,8.9,983,0.03034080800011907,2,2.9,0,0.4703668861712068,False
12,7,SA(20k),ok,9.4,20001,0.6466694709999956,2,3.4,0,6.114769520225769,False
12,7,Online(tuned),ok,9.233333333333333,0,0.00524295000013808,2,3.233333333333333,0,4.233301975540901,False
12,7,Immediate,ok,26.083333333333332,0,0.0001407390000167652,8,2.0833333333333335,0,194.44967074317964,False
12,8,A*(h_open),ok,10.483333333333333,2539,0.10183330199993179,2,4.483333333333333,3,0.0,True
12,8,DFBnB(h_open),ok,10.483333333333333,5082,0.15551192899988564,2,4.483333333333333,3,0.0,True
12,8,WA*(w=1.5),ok,10.600000000000001,874,0.03404811700011123,2,4.6000000000000005,1,1.1128775834658402,False
12,8,WA*(w=3),ok,11.374999999999998,231,0.009196182000096087,2,5.375,0,8.505564387917321,False
12,8,Greedy-BeFS,ok,21.50833333333334,13,0.001201543999968635,6,3.508333333333333,0,105.16693163751995,False
12,8,Beam(k=5),ok,14.75,55,0.001144242000009399,1,11.75,5,40.69952305246424,False
12,8,Beam(k=25),ok,10.483333333333333,241,0.007015058000206409,2,4.483333333333333,3,0.0,True
12,8,HillClimb(r=5),ok,10.908333333333335,1425,0.047799897999993846,2,4.908333333333334,4,4.054054054054078,False
12,8,SA(20k),ok,10.541666666666668,20001,0.7380235199998424,2,4.541666666666667,1,0.5564387917329287,False
12,8,Online(tuned),ok,12.983333333333334,0,0.0063217280001026666,2,6.983333333333333,7,23.847376788553277,False
12,8,Immediate,ok,29.75,0,0.00014495300001726719,9,2.75,0,183.78378378378378,False
12,9,A*(h_open),ok,9.158333333333333,352,0.015161417999934201,2,3.158333333333333,0,0.0,True
12,9,DFBnB(h_open),ok,9.158333333333333,873,0.026723231999994823,2,3.158333333333333,0,0.0,True
12,9,WA*(w=1.5),ok,9.158333333333333,250,0.009583694999946601,2,3.158333333333333,0,0.0,True
12,9,WA*(w=3),ok,10.2,88,0.0030602430001636094,2,4.2,0,11.3739763421292,False
12,9,Greedy-BeFS,ok,18.516666666666666,13,0.0008992040000066481,5,3.516666666666666,0,102.1838034576888,False
12,9,Beam(k=5),ok,12.149999999999999,55,0.001174333999870214,1,9.15,1,32.66606005459507,False
12,9,Beam(k=25),ok,9.566666666666666,241,0.00666841299994303,2,3.5666666666666664,1,4.458598726114649,False
12,9,HillClimb(r=5),ok,9.158333333333333,1343,0.04618088000006537,2,3.158333333333333,0,0.0,True
12,9,SA(20k),ok,9.158333333333333,20001,0.7631795610000154,2,3.158333333333333,0,0.0,True
12,9,Online(tuned),ok,11.3,0,0.006133292999948026,2,5.3,6,23.384895359417662,False
12,9,Immediate,ok,23.25,0,0.00013661299999512266,7,2.25,0,153.86715195632394,False
16,0,A*(h_open),ok,10.30625,5475,0.2620607310000196,2,4.30625,1,0.0,True
16,0,DFBnB(h_open),ok,10.30625,12680,0.3828131529999155,2,4.30625,1,0.0,True
16,0,WA*(w=1.5),ok,10.556249999999999,1035,0.040590504999954646,2,4.55625,1,2.4257125530624446,False
16,0,WA*(w=3),ok,11.431249999999999,225,0.009298140000055355,2,5.431249999999999,1,10.915706488781062,False
16,0,Greedy-BeFS,ok,24.681249999999995,17,0.0022126339999886113,7,3.68125,0,139.47847180109153,False
16,0,Beam(k=5),ok,14.7875,75,0.0015674189999117516,1,11.7875,6,43.48089751364463,False
16,0,Beam(k=25),ok,10.30625,341,0.013073622999854706,2,4.30625,1,0.0,True
16,0,HillClimb(r=5),ok,10.9375,3133,0.1428892729998097,2,4.9375,2,6.124924196482713,False
16,0,SA(20k),ok,10.30625,20001,0.9459486859998378,2,4.30625,1,0.0,True
16,0,Online(tuned),ok,12.975000000000001,0,0.008054306999838445,2,6.975000000000001,0,25.894481503941794,False
16,0,Immediate,ok,32.625,0,0.00018432100000609353,10,2.625,0,216.5554881746513,False
16,1,A*(h_open),ok,9.887500000000001,4512,0.20788520899986906,2,3.8875000000000006,0,0.0,True
16,1,DFBnB(h_open),ok,9.887500000000001,12574,0.37928242399993906,2,3.8875000000000006,0,0.0,True
16,1,WA*(w=1.5),ok,10.100000000000001,1396,0.07033491599986519,2,4.1000000000000005,0,2.149178255372949,False
16,1,WA*(w=3),ok,10.31875,363,0.014571381999985533,2,4.3187500000000005,0,4.361567635903905,False
16,1,Greedy-BeFS,ok,19.206249999999997,17,0.0016022589998101466,5,4.206250000000001,0,94.24778761061943,False
16,1,Beam(k=5),ok,13.60625,75,0.0017705140000998654,1,10.60625,3,37.610619469026524,False
16,1,Beam(k=25),ok,10.73125,341,0.012604019000036715,2,4.731249999999999,2,8.533501896333737,False
16,1,HillClimb(r=5),ok,9.9125,3063,0.14209824599993226,2,3.9125,1,0.25284450063209685,False
16,1,SA(20k),ok,9.887500000000001,20001,0.9392648879997978,2,3.8875000000000006,0,0.0,True
16,1,Online(tuned),ok,11.3875,0,0.00783879200002957,2,5.3875,2,15.170670037926657,False
16,1,Immediate,ok,26.4375,0,0.0001701630001207377,8,2.4375,0,167.3830594184576,False
16,2,A*(h_open),ok,9.95,12189,0.6328608260000692,2,3.95,0,0.0,True
16,2,DFBnB(h_open),ok,9.95,26470,0.7571319109999877,2,3.95,0,0.0,True
16,2,WA*(w=1.5),ok,10.2,4060,0.19221103299992137,2,4.2,0,2.512562814070352,False
16,2,WA*(w=3),ok,10.36875,166,0.005145327000036559,2,4.36875,0,4.208542713567851,False
16,2,Greedy-BeFS,ok,18.700000000000003,18,0.0014687460000004648,5,3.7,0,87.93969849246236,False
16,2,Beam(k=5),ok,10.762500000000001,75,0.0015740599999389815,1,7.762499999999999,2,8.165829145728662,False
16,2,Beam(k=25),ok,10.762500000000001,341,0.007093009999834976,1,7.762499999999999,2,8.165829145728662,False
16,2,HillClimb(r=5),ok,10.399999999999999,3213,0.14091769700007717,2,4.3999999999999995,1,4.5226130653266265,False
16,2,SA(20k),ok,10.481250000000001,20001,0.8823864050000338,2,4.481250000000001,2,5.339195979899515,False
16,2,Online(tuned),ok,11.0125,0,0.008027152999829923,2,5.012499999999999,0,10.678391959798995,False
16,2,Immediate,ok,32.5625,0,0.00018719999980021385,10,2.5625,0,227.26130653266333,False
16,3,A*(h_open),ok,11.35,44510,3.06845581399989,2,5.35,1,0.0,True
16,3,DFBnB(h_open),ok,11.35,78513,2.1738985110000613,2,5.35,1,0.0,True
16,3,WA*(w=1.5),ok,11.381250000000001,18113,1.120835192999948,2,5.38125,0,0.2753303964757866,False
16,3,WA*(w=3),ok,12.0,759,0.02897987300002569,2,6.0,1,5.726872246696038,False
16,3,Greedy-BeFS,ok,27.537499999999998,17,0.0027193989999432233,8,3.5374999999999996,0,142.62114537444936,False
16,3,Beam(k=5),ok,18.35,75,0.001494269999966491,1,15.350000000000001,4,61.67400881057271,False
16,3,Beam(k=25),ok,11.35,341,0.009545293999963178,2,5.35,1,0.0,True
16,3,HillClimb(r=5),ok,12.212499999999999,2433,0.09919540100008817,2,6.2124999999999995,1,7.599118942731268,False
16,3,SA(20k),ok,11.35,20001,0.8421006449998458,2,5.35,1,0.0,True
16,3,Online(tuned),ok,14.35,0,0.00774421899996014,3,5.35,0,26.431718061674008,False
16,3,Immediate,ok,38.6875,0,0.00017750199981492187,12,2.6875,0,240.8590308370044,False
16,4,A*(h_open),ok,10.24375,21081,1.2524380019999626,2,4.24375,0,0.0,True
16,4,DFBnB(h_open),ok,10.24375,55216,1.5116560330000084,2,4.24375,0,0.0,True
16,4,WA*(w=1.5),ok,10.25,9385,0.471360556000036,2,4.250000000000001,0,0.06101281269066157,False
16,4,WA*(w=3),ok,10.899999999999999,593,0.02236450300006254,2,4.8999999999999995,2,6.4063453325198125,False
16,4,Greedy-BeFS,ok,24.487499999999997,17,0.002028019000135828,7,3.4875,0,139.0482001220256,False
16,4,Beam(k=5),ok,14.95625,75,0.0015595639999901323,1,11.95625,6,46.00366076876144,False
16,4,Beam(k=25),ok,11.05,341,0.009152675000223098,2,5.05,2,7.870652837095792,False
16,4,HillClimb(r=5),ok,10.9875,2293,0.09528104300011364,2,4.9875,2,7.260524710189142,False
16,4,SA(20k),ok,10.24375,20001,0.8830853899999056,2,4.24375,0,0.0,True
16,4,Online(tuned),ok,11.793750000000001,0,0.007585888999983581,2,5.793750000000001,0,15.131177547284935,False
16,4,Immediate,ok,38.4375,0,0.0001822379999794066,12,2.4375,0,275.22879804759,False
16,5,A*(h_open),ok,10.024999999999999,11765,0.5817968710000514,2,4.0249999999999995,0,0.0,True
16,5,DFBnB(h_open),ok,10.024999999999999,20928,0.5970361649999631,2,4.0249999999999995,0,0.0,True
16,5,WA*(w=1.5),ok,10.168750000000001,2554,0.136503219999895,2,4.168749999999999,0,1.4339152119700997,False
16,5,WA*(w=3),ok,10.668750000000001,752,0.027967274000047837,2,4.668749999999999,0,6.4214463840399265,False
16,5,Greedy-BeFS,ok,21.212500000000002,20,0.002024418000019068,6,3.2125,0,111.5960099750624,False
16,5,Beam(k=5),ok,15.8,75,0.0015104489998520876,1,12.8,7,57.60598503740651,False
16,5,Beam(k=25),ok,13.849999999999998,341,0.006706704999942303,2,7.85,5,38.15461346633416,False
16,5,HillClimb(r=5),ok,10.45,2883,0.13212772299993958,2,4.449999999999999,1,4.239401496259359,False
16,5,SA(20k),ok,10.524999999999999,20001,0.892131708000079,2,4.5249999999999995,0,4.9875311720698265,False
16,5,Online(tuned),ok,11.474999999999998,0,0.007577244000003702,2,5.474999999999999,0,14.46384039900249,False
16,5,Immediate,ok,32.3125,0,0.00016667299996697693,10,2.3125,0,222.3192019950125,False
16,6,A*(h_open),ok,10.04375,9672,0.5152109150001252,2,4.043749999999999,0,0.0,True
16,6,DFBnB(h_open),ok,10.04375,19256,0.5680717029999869,2,4.043749999999999,0,0.0,True
16,6,WA*(w=1.5),ok,10.281250000000002,1614,0.08402104900005725,2,4.28125,2,2.3646546359676663,False
16,6,WA*(w=3),ok,10.931249999999999,236,0.008723936000023969,2,4.93125,2,8.836341008089601,False
16,6,Greedy-BeFS,ok,21.30625,18,0.0015058679998674052,6,3.30625,0,112.1344119477287,False
16,6,Beam(k=5),ok,15.025000000000002,75,0.002066670999965936,1,12.025000000000002,4,49.59551960174241,False
16,6,Beam(k=25),ok,15.025000000000002,341,0.007185721000041667,1,12.025000000000002,4,49.59551960174241,False
16,6,HillClimb(r=5),ok,10.4625,2513,0.10630124299996169,2,4.4625,5,4.169259489732432,False
16,6,SA(20k),ok,10.28125,20001,0.9164092070000152,2,4.28125,1,2.364654635967649,False
16,6,Online(tuned),ok,11.29375,0,0.00817950300006487,2,5.293749999999999,0,12.445550715619166,False
16,6,Immediate,ok,26.375,0,0.00023152199992182432,8,2.375,0,162.6011200995644,False
16,7,A*(h_open),ok,9.64375,35985,2.2300253250000424,2,3.64375,1,0.0,True
16,7,DFBnB(h_open),ok,9.64375,44771,1.2725239130002137,2,3.64375,1,0.0,True
16,7,WA*(w=1.5),ok,9.924999999999999,11962,0.6745071600000756,2,3.925,1,2.9163966299416533,False
16,7,WA*(w=3),ok,10.362499999999999,920,0.036240991999875405,2,4.3625,1,7.453013609850921,False
16,7,Greedy-BeFS,ok,18.1875,19,0.0016907100000480568,5,3.1875,0,88.5936487362281,False
16,7,Beam(k=5),ok,12.625,75,0.0019638200001281803,1,9.625,2,30.913804277381715,False
16,7,Beam(k=25),ok,12.625,341,0.006749076999994941,1,9.625,2,30.913804277381715,False
16,7,HillClimb(r=5),ok,9.64375,2953,0.12262326700010817,2,3.64375,1,0.0,True
16,7,SA(20k),ok,9.6625,20001,0.8485238230000505,2,3.6625,0,0.1944264419961004,False
16,7,Online(tuned),ok,10.6125,0,0.007261302000188152,2,4.6125,0,10.045366169799092,False
16,7,Immediate,ok,29.125,0,0.00017463300014242122,9,2.125,0,202.0090732339598,False
16,8,A*(h_open),ok,10.7,20716,1.2740199669999583,2,4.7,1,0.0,True
16,8,DFBnB(h_open),ok,10.7,76301,2.190363832999992,2,4.7,1,0.0,True
16,8,WA*(w=1.5),ok,10.925,7509,0.3830281999998988,2,4.925000000000001,1,2.1028037383177702,False
16,8,WA*(w=3),ok,11.79375,476,0.018439181000076132,2,5.793749999999999,1,10.221962616822431,False
16,8,Greedy-BeFS,ok,24.55625,17,0.0017772920000425074,7,3.55625,0,129.49766355140187,False
16,8,Beam(k=5),ok,17.83125,75,0.001665798999965773,1,14.83125,6,66.64719626168225,False
16,8,Beam(k=25),ok,11.20625,341,0.010304327000085323,2,5.206250000000001,1,4.731308411214967,False
16,8,HillClimb(r=5),ok,10.91875,2983,0.12794032900001184,2,4.91875,3,2.044392523364486,False
16,8,SA(20k),ok,10.700000000000001,20001,0.9236995860001116,2,4.700000000000001,1,1.6601465788787388e-14,True
16,8,Online(tuned),ok,13.149999999999999,0,0.00799596299998484,3,4.1499999999999995,0,22.89719626168224,False
16,8,Immediate,ok,29.625,0,0.0002143750000414002,9,2.625,0,176.8691588785047,False
16,9,A*(h_open),ok,9.78125,7292,0.3204559859998426,2,3.78125,3,0.0,True
16,9,DFBnB(h_open),ok,9.78125,15339,0.43927207499996257,2,3.78125,3,0.0,True
16,9,WA*(w=1.5),ok,9.8875,950,0.053068572000029235,2,3.8875,1,1.0862619808306637,False
16,9,WA*(w=3),ok,10.781250000000002,241,0.008257771999979013,2,4.78125,1,10.223642172523979,False
16,9,Greedy-BeFS,ok,21.943749999999998,17,0.0014297369998530485,6,3.94375,0,124.34504792332267,False
16,9,Beam(k=5),ok,15.275,75,0.0016818520000470016,1,12.275,3,56.16613418530351,False
16,9,Beam(k=25),ok,15.275,341,0.007071109999969849,1,12.275,3,56.16613418530351,False
16,9,HillClimb(r=5),ok,9.78125,2583,0.11026244399999996,2,3.78125,3,0.0,True
16,9,SA(20k),ok,9.8875,20001,0.9593965999999909,2,3.8875,1,1.0862619808306637,False
16,9,Online(tuned),ok,12.05625,0,0.008250366000083886,2,6.05625,0,23.258785942492015,False
16,9,Immediate,ok,26.375,0,0.00017389800018463575,8,2.375,0,169.6485623003195,False
20,0,A*(h_open),ok,10.555,69328,5.126332933000185,2,4.555000000000001,2,0.0,True
20,0,DFBnB(h_open),limit,10.555,200001,5.58816350799998,2,4.555000000000001,2,0.0,True
20,0,WA*(w=1.5),ok,10.58,12813,0.7976274709999416,2,4.580000000000001,2,0.23685457129322934,False
20,0,WA*(w=3),ok,11.629999999999997,519,0.01944321700011642,2,5.630000000000001,1,10.184746565608693,False
20,0,Greedy-BeFS,ok,24.775,21,0.002871715999845037,7,3.775,0,134.72288015158693,False
20,0,Beam(k=5),ok,17.585,95,0.0028047609998793632,1,14.584999999999999,6,66.60350544765515,False
20,0,Beam(k=25),ok,17.585,441,0.010336960000131512,1,14.584999999999999,6,66.60350544765515,False
20,0,HillClimb(r=5),ok,11.78,4859,0.2734675700000935,2,5.779999999999999,3,11.60587399336807,False
20,0,SA(20k),ok,10.685,20001,1.0915400750000117,2,4.6850000000000005,1,1.2316437707247825,False
20,0,Online(tuned),ok,13.020000000000001,0,0.009730673000149181,2,7.020000000000001,0,23.353860729512096,False
20,0,Immediate,ok,32.55,0,0.00032803000021885964,10,2.55,0,208.38465182378016,False
20,1,A*(h_open),ok,10.200000000000001,30776,2.135683255999993,2,4.200000000000001,1,0.0,True
20,1,DFBnB(h_open),limit,10.200000000000001,200001,5.906887272999938,2,4.200000000000001,1,0.0,True
20,1,WA*(w=1.5),ok,10.420000000000002,3480,0.21315564200017434,2,4.42,0,2.1568627450980453,False
20,1,WA*(w=3),ok,11.075,407,0.01493636999998671,2,5.075000000000001,0,8.578431372549002,False
20,1,Greedy-BeFS,ok,24.825000000000003,21,0.002109207999865248,7,3.825,0,143.38235294117646,False
20,1,Beam(k=5),ok,16.22,95,0.0020125450000705314,1,13.219999999999999,6,59.01960784313723,False
20,1,Beam(k=25),ok,16.22,441,0.008322988999907466,1,13.219999999999999,6,59.01960784313723,False
20,1,HillClimb(r=5),ok,11.025,5557,0.30873010000004797,2,5.025,5,8.08823529411764,False
20,1,SA(20k),ok,10.435,20001,1.111027414000091,2,4.4350000000000005,2,2.303921568627445,False
20,1,Online(tuned),ok,12.395000000000001,0,0.009765450000031706,2,6.395000000000001,3,21.519607843137255,False
20,1,Immediate,ok,26.55,0,0.00023338000005423964,8,2.55,0,160.29411764705884,False
20,2,A*(h_open),ok,10.094999999999999,39557,2.5558920860000853,2,4.095,0,0.0,True
20,2,DFBnB(h_open),ok,10.095,100334,2.802250443000048,2,4.095,0,1.7596402569591387e-14,True
20,2,WA*(w=1.5),ok,10.420000000000002,12224,0.6361368830000629,2,4.42,0,3.2194155522536194,False
20,2,WA*(w=3),ok,10.78,245,0.007289914000011777,2,4.779999999999999,0,6.785537394749882,False
20,2,Greedy-BeFS,ok,21.814999999999998,22,0.002246012999876257,6,3.815,0,116.09707776126797,False
20,2,Beam(k=5),ok,12.700000000000001,95,0.0019526249998307321,1,9.7,5,25.804853888063423,False
20,2,Beam(k=25),ok,12.700000000000001,441,0.008416253999939727,1,9.7,5,25.804853888063423,False
20,2,HillClimb(r=5),ok,10.685,5125,0.2906986579998829,2,4.6850000000000005,1,5.844477464091151,False
20,2,SA(20k),ok,10.254999999999999,20001,1.1046579480000673,2,4.255,2,1.5849430411094618,False
20,2,Online(tuned),ok,11.825,0,0.009935198999983186,2,5.824999999999999,0,17.137196631996044,False
20,2,Immediate,ok,35.65,0,0.00022561000014320598,11,2.65,0,253.1451213472016,False
20,3,A*(h_open),ok,11.360000000000001,163996,13.065921991999858,2,5.359999999999999,0,0.0,True
20,3,DFBnB(h_open),limit,12.180000000000001,200001,5.599404552000124,2,6.18,4,7.218309859154932,False
20,3,WA*(w=1.5),ok,11.799999999999999,51239,3.5441827269999067,2,5.8,2,3.873239436619698,False
20,3,WA*(w=3),ok,12.060000000000002,1871,0.07690497299995513,2,6.06,0,6.161971830985925,False
20,3,Greedy-BeFS,ok,27.745000000000005,21,0.003317064999919239,8,3.7449999999999997,0,144.2341549295775,False
20,3,Beam(k=5),ok,21.72,95,0.0018402159998913703,1,18.720000000000002,7,91.19718309859152,False
20,3,Beam(k=25),ok,12.355,441,0.01167871899997408,2,6.355,2,8.7588028169014,False
20,3,HillClimb(r=5),ok,11.59,7279,0.3601487560001715,2,5.590000000000001,3,2.0246478873239315,False
20,3,SA(20k),ok,11.41,20001,1.0009703569999147,2,5.41,1,0.4401408450704131,False
20,3,Online(tuned),ok,13.799999999999999,0,0.009390647999907742,3,4.799999999999999,0,21.4788732394366,False
20,3,Immediate,ok,38.7,0,0.00021889000004193804,12,2.7,0,240.66901408450707,False
20,4,A*(h_open),limit,,200001,16.711618317000102,,,,,False
20,4,DFBnB(h_open),limit,12.370000000000001,200001,5.482193670000015,2,6.37,3,8.176650634018351,False
20,4,WA*(w=1.5),ok,11.435000000000002,176427,15.862616391000074,2,5.4350000000000005,0,0.0,True
20,4,WA*(w=3),ok,11.535,12108,0.4633628619999399,2,5.535000000000001,0,0.8745080891998063,False
20,4,Greedy-BeFS,ok,27.79,21,0.0030516230001467193,8,3.79,0,143.02579798863135,False
20,4,Beam(k=5),ok,18.200000000000003,95,0.002038238999830355,1,15.200000000000003,7,59.16047223436816,False
20,4,Beam(k=25),ok,18.200000000000003,441,0.00854651700001341,1,15.200000000000003,7,59.16047223436816,False
20,4,HillClimb(r=5),ok,13.09,5529,0.28234743799998796,2,7.089999999999999,6,14.473108876257083,False
20,4,SA(20k),ok,11.59,20001,1.122243348999973,2,5.59,0,1.3554875382597076,False
20,4,Online(tuned),ok,12.145,0,0.009161064999943846,2,6.1450000000000005,0,6.2090074333187335,False
20,4,Immediate,ok,41.5,0,0.00025976300003094366,13,2.5,0,262.92085701792735,False
20,5,A*(h_open),ok,10.165,51788,3.477742742999908,2,4.164999999999999,0,0.0,True
20,5,DFBnB(h_open),ok,10.165,108719,3.1215135850000024,2,4.164999999999999,0,0.0,True
20,5,WA*(w=1.5),ok,10.25,5763,0.3089070930000162,2,4.249999999999999,0,0.8362026561731516,False
20,5,WA*(w=3),ok,11.055,816,0.03741749300002084,2,5.054999999999999,1,8.75553369404821,False
20,5,Greedy-BeFS,ok,21.785000000000004,24,0.002552118000039627,6,3.785,0,114.31382193802268,False
20,5,Beam(k=5),ok,17.955000000000002,95,0.0019875839998348965,1,14.955000000000002,7,76.63551401869162,False
20,5,Beam(k=25),ok,17.955000000000002,441,0.008535045999906288,1,14.955000000000002,7,76.63551401869162,False
20,5,HillClimb(r=5),ok,11.12,5261,0.2850789569999961,2,5.119999999999999,0,9.394982784062963,False
20,5,SA(20k),ok,10.375,20001,1.0405236939998304,2,4.375,0,2.065912444663068,False
20,5,Online(tuned),ok,11.924999999999999,0,0.010721293999949921,2,5.924999999999999,0,17.314313821938022,False
20,5,Immediate,ok,32.3,0,0.00021574000015789352,10,2.3,0,217.75700934579442,False
20,6,A*(h_open),ok,10.325,118593,9.861843952999834,2,4.325000000000001,2,0.0,True
20,6,DFBnB(h_open),limit,10.475,200001,5.786012346000007,2,4.475,2,1.4527845036319649,False
20,6,WA*(w=1.5),ok,10.520000000000001,9880,0.5777387099999487,2,4.52,1,1.8886198547215698,False
20,6,WA*(w=3),ok,11.069999999999999,560,0.021472686999914004,2,5.070000000000001,3,7.215496368038733,False
20,6,Greedy-BeFS,ok,19.275000000000002,22,0.002123569999866959,5,4.2749999999999995,0,86.68280871670704,False
20,6,Beam(k=5),ok,17.45,95,0.0019350780000877421,1,14.450000000000003,7,69.00726392251816,False
20,6,Beam(k=25),ok,17.45,441,0.008720122000113406,1,14.450000000000003,7,69.00726392251816,False
20,6,HillClimb(r=5),ok,11.035,5633,0.3079674850000629,2,5.035,4,6.876513317191292,False
20,6,SA(20k),ok,10.329999999999998,20001,1.119532573000015,2,4.329999999999999,3,0.04842615012105574,False
20,6,Online(tuned),ok,11.809999999999999,0,0.009761064000031183,2,5.81,0,14.382566585956411,False
20,6,Immediate,ok,26.3,0,0.0002485180000348919,8,2.3,0,154.7215496368039,False
20,7,A*(h_open),limit,,200001,16.786857347000023,,,,,False
20,7,DFBnB(h_open),limit,10.555,200001,5.44646828399982,2,4.555000000000001,3,0.18984337921214592,False
20,7,WA*(w=1.5),ok,10.6,195040,16.81502771700002,2,4.6,2,0.6169909824394827,False
20,7,WA*(w=3),ok,10.835,5230,0.20073405199991612,2,4.834999999999999,0,2.8476506881822563,False
20,7,Greedy-BeFS,ok,27.21,26,0.002905739999960133,8,3.21,0,158.28191741813004,False
20,7,Beam(k=5),ok,15.39,95,0.002033259999961956,1,12.39,3,46.08448030374941,False
20,7,Beam(k=25),ok,15.39,441,0.00848853900015456,1,12.39,3,46.08448030374941,False
20,7,HillClimb(r=5),ok,10.545,5769,0.3081910139999309,2,4.545,3,0.09492168960607296,False
20,7,SA(20k),ok,10.535,20001,1.0685011719999693,2,4.535,0,0.0,True
20,7,Online(tuned),ok,11.684999999999999,0,0.008828961999824969,2,5.685,0,10.91599430469861,False
20,7,Immediate,ok,35.15,0,0.00021655499995176797,11,2.15,0,233.64973896535358,False
20,8,A*(h_open),limit,,200001,18.27445253399992,,,,,False
20,8,DFBnB(h_open),limit,13.71,200001,6.397950353000169,2,7.709999999999999,7,23.569175304191077,False
20,8,WA*(w=1.5),ok,11.515,121548,9.962789060999967,2,5.515000000000001,1,3.7854889589905354,False
20,8,WA*(w=3),ok,11.695,5139,0.24163614000008238,2,5.695,1,5.4078413699864765,False
20,8,Greedy-BeFS,ok,30.790000000000006,21,0.003013272000089273,9,3.79,0,177.51239296980626,False
20,8,Beam(k=5),ok,20.96,95,0.0019583719999900495,1,17.96,6,88.91392519152771,False
20,8,Beam(k=25),ok,20.96,441,0.008591620000061084,1,17.96,6,88.91392519152771,False
20,8,HillClimb(r=5),ok,11.72,5435,0.28626249600006304,2,5.720000000000001,1,5.633168093735916,False
20,8,SA(20k),ok,11.095,20001,1.0530313809999825,2,5.095000000000001,1,0.0,True
20,8,Online(tuned),ok,13.965,0,0.009342615999912596,3,4.964999999999999,0,25.867507886435323,False
20,8,Immediate,ok,38.4,0,0.0002267620000111492,12,2.4,0,246.10184767913472,False
20,9,A*(h_open),ok,9.91,38095,2.4697334659999797,2,3.910000000000001,1,0.0,True
20,9,DFBnB(h_open),ok,9.91,109600,3.0493895980000616,2,3.91,1,0.0,True
20,9,WA*(w=1.5),ok,9.91,4890,0.26586361800013947,2,3.910000000000001,1,0.0,True
20,9,WA*(w=3),ok,10.64,476,0.017812835999848176,2,4.64,1,7.366296670030277,False
20,9,Greedy-BeFS,ok,22.029999999999994,21,0.002126681999925495,6,4.03,0,122.30070635721486,False
20,9,Beam(k=5),ok,18.025000000000002,95,0.001958407000074658,1,15.025,4,81.88698284561052,False
20,9,Beam(k=25),ok,18.025000000000002,441,0.008399289999942994,1,15.025,4,81.88698284561052,False
20,9,HillClimb(r=5),ok,10.42,6263,0.330565389999947,2,4.42,2,5.146316851664983,False
20,9,SA(20k),ok,9.91,20001,1.0508383399999275,2,3.91,1,0.0,True
20,9,Online(tuned),ok,13.290000000000001,0,0.009615624999923966,3,4.290000000000001,5,34.106962663975786,False
20,9,Immediate,ok,29.35,0,0.00020616799997696944,9,2.35,0,196.1654894046418,False
30,0,A*(h_open),limit,,200001,16.659878740000067,,,,,False
30,0,DFBnB(h_open),limit,17.033333333333335,200001,5.95293690099993,2,11.033333333333333,9,41.94444444444446,False
30,0,WA*(w=1.5),limit,,200001,17.030425627000113,,,,,False
30,0,WA*(w=3),ok,12.526666666666666,52231,3.937866419000102,2,6.526666666666668,2,4.3888888888888795,False
30,0,Greedy-BeFS,ok,28.60333333333334,31,0.005803124999829379,8,4.603333333333333,0,138.36111111111117,False
30,0,Beam(k=5),ok,24.826666666666668,145,0.003519458000027953,1,21.826666666666664,9,106.8888888888889,False
30,0,Beam(k=25),ok,24.826666666666668,691,0.014808201000050758,1,21.826666666666664,9,106.8888888888889,False
30,0,HillClimb(r=5),ok,13.493333333333336,16649,1.2621118280001156,3,4.493333333333335,2,12.444444444444466,False
30,0,SA(20k),ok,12.0,20001,1.4965168869998706,2,6.0,1,0.0,True
30,0,Online(tuned),ok,15.983333333333334,0,0.014209788000016488,3,6.983333333333334,0,33.19444444444445,False
30,0,Immediate,ok,35.6,0,0.0003394960001514846,11,2.6,0,196.66666666666666,False
30,1,A*(h_open),limit,,200001,17.063406000999976,,,,,False
30,1,DFBnB(h_open),limit,17.82,200001,5.733283726999844,2,11.82,6,44.64285714285717,False
30,1,WA*(w=1.5),limit,,200001,18.440507655000147,,,,,False
30,1,WA*(w=3),ok,12.319999999999999,7025,0.266480625999975,2,6.3199999999999985,1,0.0,True
30,1,Greedy-BeFS,ok,26.73333333333334,31,0.003783860000112327,7,5.733333333333333,0,116.9913419913421,False
30,1,Beam(k=5),ok,23.393333333333334,145,0.003101934000142137,1,20.39333333333333,8,89.88095238095241,False
30,1,Beam(k=25),ok,23.393333333333334,691,0.014035940999974628,1,20.39333333333333,8,89.88095238095241,False
30,1,HillClimb(r=5),ok,13.213333333333333,16291,1.2337944010000683,2,7.213333333333333,3,7.251082251082261,False
30,1,SA(20k),ok,12.379999999999999,20001,1.6427312260000235,2,6.38,2,0.4870129870129911,False
30,1,Online(tuned),ok,14.1,0,0.01474019500005852,3,5.1,0,14.448051948051958,False
30,1,Immediate,ok,35.63333333333333,0,0.00033489999987068586,11,2.6333333333333333,0,189.23160173160173,False
30,2,A*(h_open),limit,,200001,17.544227711999838,,,,,False
30,2,DFBnB(h_open),limit,15.99666666666667,200001,5.281055692000109,2,9.99666666666667,15,39.83100233100237,False
30,2,WA*(w=1.5),limit,,200001,18.512073672000042,,,,,False
30,2,WA*(w=3),ok,12.45,817,0.029274346999955014,2,6.45,2,8.828671328671327,False
30,2,Greedy-BeFS,ok,31.116666666666667,32,0.004395517000148175,9,4.116666666666666,0,171.99883449883453,False
30,2,Beam(k=5),ok,18.910000000000004,145,0.003073803000006592,1,15.91,8,65.29720279720284,False
30,2,Beam(k=25),ok,18.910000000000004,691,0.013268006999851423,1,15.91,8,65.29720279720284,False
30,2,HillClimb(r=5),ok,12.65,15787,1.2064708909999808,2,6.65,5,10.576923076923086,False
30,2,SA(20k),ok,11.44,20001,1.5144036070000766,2,5.4399999999999995,2,0.0,True
30,2,Online(tuned),ok,13.61,0,0.01456017000009524,2,7.61,0,18.96853146853147,False
30,2,Immediate,ok,38.96666666666667,0,0.0003385800000614836,12,2.966666666666667,0,240.61771561771565,False
30,3,A*(h_open),limit,,200001,16.651603844999954,,,,,False
30,3,DFBnB(h_open),limit,18.58,200001,6.671469795000121,3,9.580000000000002,8,35.19282076158135,False
30,3,WA*(w=1.5),limit,,200001,17.33209853900007,,,,,False
30,3,WA*(w=3),ok,13.743333333333334,133142,10.647134093999966,2,7.743333333333331,2,0.0,True
30,3,Greedy-BeFS,ok,31.3,31,0.007082825999987108,9,4.3,0,127.7467863206403,False
30,3,Beam(k=5),ok,29.663333333333334,145,0.0029343840001274657,1,26.663333333333338,8,115.83798205190395,False
30,3,Beam(k=25),ok,29.663333333333334,691,0.01313448500013692,1,26.663333333333338,8,115.83798205190395,False
30,3,HillClimb(r=5),ok,13.986666666666666,15713,1.1641001709999728,3,4.986666666666666,2,1.770555420810082,False
30,3,SA(20k),ok,14.140000000000002,20001,1.4843406359998426,2,8.140000000000002,4,2.886247877758925,False
30,3,Online(tuned),ok,14.583333333333332,0,0.014300888999969175,3,5.583333333333332,0,6.1120543293718015,False
30,3,Immediate,ok,38.7,0,0.0003481999999621621,12,2.7,0,181.59107446034443,False
30,4,A*(h_open),limit,,200001,17.841334197999913,,,,,False
30,4,DFBnB(h_open),limit,16.78666666666667,200001,6.088723422000157,2,10.786666666666667,8,21.028598894496522,False
30,4,WA*(w=1.5),limit,,200001,17.35434994299999,,,,,False
30,4,WA*(w=3),limit,,200001,18.262950171000057,,,,,False
30,4,Greedy-BeFS,ok,31.706666666666674,31,0.0055921989999205834,9,4.706666666666666,0,128.5988944965153,False
30,4,Beam(k=5),ok,25.88,145,0.0030292999999801395,1,22.880000000000006,10,86.58976207642391,False
30,4,Beam(k=25),ok,25.74666666666667,691,0.013509227999975337,1,22.746666666666673,7,85.62845469838983,False
30,4,HillClimb(r=5),ok,13.870000000000001,15137,1.1134381209999447,3,4.870000000000001,5,0.0,True
30,4,SA(20k),ok,13.959999999999999,20001,1.482303710999986,2,7.959999999999999,1,0.6488824801730214,False
30,4,Online(tuned),ok,15.02,0,0.01507092399992871,3,6.02,0,8.29127613554433,False
30,4,Immediate,ok,47.53333333333333,0,0.0003832269999293203,15,2.533333333333333,0,242.706080269166,False
30,5,A*(h_open),limit,,200001,16.06142980200002,,,,,False
30,5,DFBnB(h_open),limit,16.38,200001,5.660708186999955,2,10.38,8,45.25569021578482,False
30,5,WA*(w=1.5),limit,,200001,18.02359826399993,,,,,False
30,5,WA*(w=3),ok,11.843333333333332,1656,0.06200279299991962,2,5.843333333333333,1,5.025125628140702,False
30,5,Greedy-BeFS,ok,28.5,34,0.00422122700001637,8,4.500000000000001,0,152.73425953295896,False
30,5,Beam(k=5),ok,24.336666666666666,145,0.0028303750000304717,1,21.336666666666666,9,115.81436594738399,False
30,5,Beam(k=25),ok,24.336666666666666,691,0.012629068000023835,1,21.336666666666666,9,115.81436594738399,False
30,5,HillClimb(r=5),ok,13.11,17299,1.2416594989999794,2,7.1099999999999985,2,16.25775938516111,False
30,5,SA(20k),ok,11.276666666666666,20001,1.4027552269999433,2,5.2766666666666655,1,0.0,True
30,5,Online(tuned),ok,13.143333333333333,0,0.013722069000095871,3,4.143333333333333,0,16.553355010345854,False
30,5,Immediate,ok,35.43333333333333,0,0.00035720200003197533,11,2.433333333333333,0,214.21814957138636,False
30,6,A*(h_open),limit,,200001,16.484717647000025,,,,,False
30,6,DFBnB(h_open),limit,16.053333333333335,200001,5.678527309999936,2,10.053333333333336,8,38.43058350100603,False
30,6,WA*(w=1.5),limit,,200001,17.15867445700019,,,,,False
30,6,WA*(w=3),ok,11.596666666666668,16975,0.8570010529999763,2,5.596666666666668,2,0.0,True
30,6,Greedy-BeFS,ok,31.836666666666666,31,0.00383346800003892,9,4.836666666666665,0,174.53291175625176,False
30,6,Beam(k=5),ok,23.693333333333335,145,0.003094718000056673,1,20.693333333333335,11,104.31158378844495,False
30,6,Beam(k=25),ok,23.693333333333335,691,0.014190095000003566,1,20.693333333333335,11,104.31158378844495,False
30,6,HillClimb(r=5),ok,12.716666666666667,16233,1.2233575909999672,3,3.7166666666666663,3,9.657947686116692,False
30,6,SA(20k),ok,11.736666666666665,20001,1.537802382999871,2,5.7366666666666655,3,1.2072434607645617,False
30,6,Online(tuned),ok,13.496666666666666,0,0.014553601999978127,3,4.496666666666667,9,16.384018396090816,False
30,6,Immediate,ok,44.166666666666664,0,0.00037250000013955287,14,2.1666666666666665,0,280.8565679793043,False
30,7,A*(h_open),limit,,200001,16.57108670499997,,,,,False
30,7,DFBnB(h_open),limit,15.496666666666668,200001,5.674455380000154,2,9.496666666666666,6,24.571275455519828,False
30,7,WA*(w=1.5),limit,,200001,17.71816075400011,,,,,False
30,7,WA*(w=3),limit,,200001,16.617399710999962,,,,,False
30,7,Greedy-BeFS,ok,31.28,32,0.0055841000000782515,9,4.279999999999999,0,151.44694533762058,False
30,7,Beam(k=5),ok,23.103333333333335,145,0.0030138639999677252,1,20.103333333333335,5,85.71811361200429,False
30,7,Beam(k=25),ok,23.103333333333335,691,0.01297920900015015,1,20.103333333333335,5,85.71811361200429,False
30,7,HillClimb(r=5),ok,12.440000000000001,16135,1.213304748000155,2,6.44,1,0.0,True
30,7,SA(20k),ok,12.590000000000002,20001,1.3939018070000202,2,6.590000000000002,2,1.2057877813504851,False
30,7,Online(tuned),ok,14.326666666666666,0,0.012829646999989563,2,8.326666666666666,0,15.16613076098605,False
30,7,Immediate,ok,44.4,0,0.0003666220000013709,14,2.4,0,256.9131832797427,False
30,8,A*(h_open),limit,,200001,17.592974293999987,,,,,False
30,8,DFBnB(h_open),limit,18.063333333333333,200001,6.795661305000067,3,9.063333333333333,14,30.014395393474075,False
30,8,WA*(w=1.5),limit,,200001,18.571992591000026,,,,,False
30,8,WA*(w=3),limit,,200001,17.109799681999903,,,,,False
30,8,Greedy-BeFS,ok,28.99333333333333,32,0.005723575000047276,8,4.993333333333335,0,108.68522072936656,False
30,8,Beam(k=5),ok,28.673333333333336,145,0.002947507000044425,1,25.67333333333334,10,106.38195777351247,False
30,8,Beam(k=25),ok,28.673333333333336,691,0.013360707000174443,1,25.67333333333334,10,106.38195777351247,False
30,8,HillClimb(r=5),ok,14.250000000000002,15821,1.1568443539999862,3,5.250000000000002,4,2.5671785028790834,False
30,8,SA(20k),ok,13.893333333333334,20001,1.4106309270000565,2,7.8933333333333335,2,0.0,True
30,8,Online(tuned),ok,15.856666666666666,0,0.013687760000038907,3,6.856666666666666,0,14.131477927063322,False
30,8,Immediate,ok,44.6,0,0.0003545039999153232,14,2.6,0,221.01727447216888,False
30,9,A*(h_open),limit,,200001,15.717894121999961,,,,,False
30,9,DFBnB(h_open),limit,15.783333333333333,200001,5.993559167000058,2,9.783333333333333,10,54.78914677999347,False
30,9,WA*(w=1.5),ok,10.196666666666667,74779,5.722550404000003,2,4.196666666666666,2,1.7420956254333938e-14,True
30,9,WA*(w=3),ok,11.353333333333333,1478,0.0646275220001371,2,5.353333333333334,1,11.343576332134699,False
30,9,Greedy-BeFS,ok,22.573333333333334,31,0.003788042999985919,6,4.573333333333334,0,121.37953579601181,False
30,9,Beam(k=5),ok,24.17666666666667,145,0.003076039999996283,1,21.17666666666667,4,137.10362863680947,False
30,9,Beam(k=25),ok,24.17666666666667,691,0.013620604000152525,1,21.17666666666667,4,137.10362863680947,False
30,9,HillClimb(r=5),ok,12.853333333333333,17675,1.3095665979999467,3,3.853333333333333,5,26.054266100032706,False
30,9,SA(20k),ok,10.196666666666665,20001,1.5469109070002105,2,4.196666666666666,2,0.0,True
30,9,Online(tuned),ok,13.440000000000001,0,0.014027376000058212,3,4.440000000000001,9,31.807780320366163,False
30,9,Immediate,ok,29.2,0,0.000346528000136459,9,2.2,0,186.36809414841454,False
